{
  "svr_rbf": {
    "train_r2": 0.8976841059638443,
    "test_r2": 0.939688164188867,
    "train_rmse": 0.9227617621038825,
    "test_rmse": 0.6949457287593822,
    "train_mae": 0.0901312992095287,
    "test_mae": 0.21041546465804914,
    "cv_mean": 8.498783748541737,
    "cv_std": 2.028048680904434,
    "training_time": 5.278181076049805
  },
  "svr_linear": {
    "train_r2": -3.604123301688586e+24,
    "test_r2": -3.7066661806843786e+24,
    "train_rmse": 5476686205545.578,
    "test_rmse": 5448053375914.494,
    "train_mae": 5463873817133.337,
    "test_mae": 5429890774546.65,
    "cv_mean": 2.1302682650293493e+32,
    "cv_std": 2.4992077980758445e+32,
    "training_time": 0.813676118850708
  },
  "kernel_ridge": {
    "train_r2": 0.9358803039012747,
    "test_r2": -27037.97567264084,
    "train_rmse": 0.7304891431016012,
    "test_rmse": 465.31251512043605,
    "train_mae": 0.5420906852980745,
    "test_mae": 140.07368791828588,
    "cv_mean": 191298.89592921932,
    "cv_std": 44742.7127562614,
    "training_time": 1.2513740062713623
  },
  "knn": {
    "train_r2": 1.0,
    "test_r2": 0.795050251771905,
    "train_rmse": 0.0,
    "test_rmse": 1.2810713260927236,
    "train_mae": 0.0,
    "test_mae": 0.7698319198685715,
    "cv_mean": 1.9824431312968247,
    "cv_std": 0.5482041891079308,
    "training_time": 0.5359716415405273
  }
}