{
  "svr_rbf": {
    "n_components": 14,
    "explained_variance_ratio": [
      0.30036140337543715,
      0.19604994431026204,
      0.09883048594934261,
      0.09118823318375725,
      0.06927724994761204,
      0.0656555181749393,
      0.0543486893441075,
      0.04747132013175553,
      0.03775641976138219,
      0.012163523357140306,
      0.009808749699895645,
      0.009364165936807514,
      0.005344447429833589,
      0.0017192303423752783
    ],
    "total_explained_variance": 0.9993393809446481
  },
  "svr_poly": {
    "n_components": 14,
    "explained_variance_ratio": [
      0.30036140337543715,
      0.19604994431026204,
      0.09883048594934261,
      0.09118823318375725,
      0.06927724994761204,
      0.0656555181749393,
      0.0543486893441075,
      0.04747132013175553,
      0.03775641976138219,
      0.012163523357140306,
      0.009808749699895645,
      0.009364165936807514,
      0.005344447429833589,
      0.0017192303423752783
    ],
    "total_explained_variance": 0.9993393809446481
  },
  "kernel_ridge": {
    "n_components": 14,
    "explained_variance_ratio": [
      0.30036140337543715,
      0.19604994431026204,
      0.09883048594934261,
      0.09118823318375725,
      0.06927724994761204,
      0.0656555181749393,
      0.0543486893441075,
      0.04747132013175553,
      0.03775641976138219,
      0.012163523357140306,
      0.009808749699895645,
      0.009364165936807514,
      0.005344447429833589,
      0.0017192303423752783
    ],
    "total_explained_variance": 0.9993393809446481
  },
  "knn": {
    "n_components": 14,
    "explained_variance_ratio": [
      0.30036140337543715,
      0.19604994431026204,
      0.09883048594934261,
      0.09118823318375725,
      0.06927724994761204,
      0.0656555181749393,
      0.0543486893441075,
      0.04747132013175553,
      0.03775641976138219,
      0.012163523357140306,
      0.009808749699895645,
      0.009364165936807514,
      0.005344447429833589,
      0.0017192303423752783
    ],
    "total_explained_variance": 0.9993393809446481
  }
}