,n_atoms,energy,energy_per_atom,mean_bond_length,std_bond_length,n_bonds,mean_coordination,std_coordination,max_coordination,min_coordination,radius_of_gyration,asphericity,surface_fraction,x_range,y_range,z_range,max_range,anisotropy
count,999.0,999.0,999.0,999.0,999.0,999.0,999.0,999.0,999.0,999.0,999.0,999.0,999.0,999.0,999.0,999.0,999.0,999.0
mean,20.0,-1551.2495687587589,-77.56247843793794,2.6678481604078734,0.10680391387045289,47.412412412412415,4.6001001001001,1.8001237055453496,8.02002002002002,2.2002002002002,3.752204268840412,0.2447747238263105,0.6665665665665665,7.615349753983983,7.268346736576577,7.28593201976977,9.346338174944947,2424537.6783112464
std,0.0,2.875498361175741,0.14377491805878717,0.054292468632273626,0.08440123676607116,9.583097495136354,0.9019295670271271,0.5503552233172786,2.1589167289371227,1.082730146018922,0.5548576938846922,0.1596669298706721,0.18327712440997,2.517182153675014,2.699411328957563,2.7317753551044976,1.9925185549377122,52427919.30911586
min,20.0,-1557.20946,-77.860473,2.5413723334000973,0.0001103997719859784,15.0,1.5,0.0,2.0,1.0,3.056182143408791,3.829024801611394e-17,0.1,0.0,0.0,0.0,4.8483284,1.0
25%,20.0,-1553.1796915,-77.658984575,2.626836964117344,0.035431208888800816,41.0,4.0,1.42828568570857,6.0,1.0,3.3596468572804694,0.12502972419178415,0.5,5.832623505,5.207308315000001,5.07886795,7.911850395,1.2210081307291645
50%,20.0,-1551.656057,-77.58280285,2.664528859899803,0.07366671023718581,47.0,4.5,1.8547236990991407,8.0,2.0,3.5849553057629997,0.23099464894259272,0.7,7.74209877,7.53854665,7.72753572,9.30338122,1.6093139220110835
75%,20.0,-1549.8915244999998,-77.494576225,2.696183474464366,0.1636698538257923,54.0,5.3,2.177154105707724,10.0,3.0,4.0242725108529935,0.34338060529932307,0.8,9.346895074999999,8.98153772,9.16546069,10.41093626,2.1438365165296847
max,20.0,-1530.908363,-76.54541815,2.9173926482782577,0.3794577297415757,73.0,6.9,3.2496153618543846,16.0,6.0,8.23967959714204,0.8259475917828708,1.0,15.45320588,17.43350302,18.48426771,18.48426771,1404581155.0
