{
  "ridge_regression": {
    "train_sizes": [
      79,
      159,
      239,
      319,
      399,
      479,
      559,
      639,
      719,
      799
    ],
    "train_mean": [
      0.11537614693068776,
      0.058048999713827834,
      0.038884812849271436,
      0.028324294351842545,
      0.02468491346049246,
      0.021168358906384903,
      0.01818500489299,
      0.01635203501864297,
      0.015154808516483565,
      0.013598254174424392
    ],
    "train_std": [
      0.010231701789747825,
      0.0038188606956332115,
      0.0024135636999861633,
      0.0015455206751262226,
      0.0014509092753941947,
      0.0008957766766491287,
      0.0007607025647057195,
      0.0007986855789771579,
      0.0005394276002217953,
      0.0003487425952936356
    ],
    "val_mean": [
      719550.025455554,
      451184.1013148263,
      77166.11691030413,
      180892.0400710983,
      49096.4487701782,
      64915.10749449602,
      38680.22324896707,
      0.022376470093040536,
      0.019950798270184568,
      0.01653184383207707
    ],
    "val_std": [
      851388.5028639941,
      546345.7793525391,
      111263.69130456613,
      244435.3668810563,
      67991.20024778025,
      129830.16073340859,
      77360.39835899237,
      0.0037837614164677453,
      0.003357654553478004,
      0.001785125808082375
    ]
  },
  "elastic_net": {
    "train_sizes": [
      79,
      159,
      239,
      319,
      399,
      479,
      559,
      639,
      719,
      799
    ],
    "train_mean": [
      1.1177683357254902,
      1.0997208109673369,
      1.0947047219322399,
      1.0872465810871055,
      1.1194750428450746,
      1.1325626349481328,
      1.1355896617302725,
      1.1669039503376175,
      1.186847462578632,
      1.1901232042052081
    ],
    "train_std": [
      0.04886532226904467,
      0.03042004205670179,
      0.02963406213826731,
      0.01618865346025517,
      0.024510523193866103,
      0.016827372233421223,
      0.014140305446643743,
      0.015884940728723804,
      0.01114930095097109,
      0.011272238590656855
    ],
    "val_mean": [
      1.2384608122868699,
      1.280468272850116,
      1.3023707338904462,
      1.3078424243841213,
      1.2730810403813173,
      1.2585995260850027,
      1.2531382519547587,
      1.2231657678489776,
      1.1957917383272874,
      1.190105622592359
    ],
    "val_std": [
      0.12881931288597423,
      0.11775571307100302,
      0.10585655778177581,
      0.0976755457941102,
      0.10479157622283183,
      0.10241057397878237,
      0.09987364753094587,
      0.10942213518671774,
      0.10434429430458171,
      0.10233007471478925
    ]
  },
  "svr_rbf_conservative": {
    "train_sizes": [
      79,
      159,
      239,
      319,
      399,
      479,
      559,
      639,
      719,
      799
    ],
    "train_mean": [
      1.2317289527543056,
      0.9646518961150077,
      0.7799922896084379,
      0.7911997061317549,
      0.9102391542236756,
      0.8183449369457471,
      0.7332837817822248,
      1.0505046322740978,
      0.9659286075336823,
      1.0758019548650164
    ],
    "train_std": [
      0.16477695103548232,
      0.09065811972155553,
      0.1541274425640659,
      0.16135035480836502,
      0.059222174385244096,
      0.17120724474337343,
      0.07153124042826632,
      0.21424460831281797,
      0.09857821656139021,
      0.07951748981029362
    ],
    "val_mean": [
      1.853874984581542,
      1.714577186929303,
      1.5189221423489052,
      1.504908430985889,
      1.391453176995478,
      1.2575677650630717,
      1.1545129525367148,
      1.3291449253018657,
      1.0825864036576087,
      1.1750157898507656
    ],
    "val_std": [
      0.27313941285287596,
      0.25873132271906196,
      0.3264165054813217,
      0.22499399390347494,
      0.37975867118078266,
      0.28863459318796364,
      0.30318870981385,
      0.1252496373004643,
      0.2708655225527074,
      0.34597991082295965
    ]
  },
  "svr_linear": {
    "train_sizes": [
      79,
      159,
      239,
      319,
      399,
      479,
      559,
      639,
      719,
      799
    ],
    "train_mean": [
      0.08071453826433508,
      0.06823525452202638,
      0.061249251123136075,
      0.0573417452637696,
      0.05651089787171062,
      0.05408260704382663,
      0.0523101288353204,
      0.05145572890504265,
      0.05086872343898792,
      0.04945517969273769
    ],
    "train_std": [
      0.0018005924126511229,
      0.001039185809862962,
      0.0014458438243011539,
      0.001301386741254356,
      0.0003520458153297434,
      0.0009627833064405063,
      0.0005774866962648003,
      0.0006716669464939138,
      0.0009160212313631301,
      0.001185375273721671
    ],
    "val_mean": [
      959459.3860190709,
      395308.5644219506,
      816197.2891392603,
      626580.9042041099,
      630858.538441008,
      504911.40332623385,
      364131.0503187548,
      0.07285932814424191,
      0.07412223697414236,
      0.057800364742512746
    ],
    "val_std": [
      1412816.1405125477,
      660867.4858581066,
      1019584.2054901024,
      988553.2621895745,
      909729.7276215623,
      1009822.6835855845,
      728261.9735110038,
      0.016787054553526384,
      0.026818041898709434,
      0.0038512850046404385
    ]
  },
  "kernel_ridge_rbf": {
    "train_sizes": [
      79,
      159,
      239,
      319,
      399,
      479,
      559,
      639,
      719,
      799
    ],
    "train_mean": [
      218.32343113777588,
      175.553413128724,
      158.04359761377015,
      145.05065716810174,
      135.45026801675246,
      128.58255123077532,
      124.37052100686034,
      127.64141706685514,
      121.07543675914685,
      121.27354863406129
    ],
    "train_std": [
      9.443214347398866,
      5.230492661774464,
      2.073891388026554,
      2.6574464194995193,
      2.5196738627751163,
      1.6248168706985697,
      0.7139321906510877,
      3.9753427746828858,
      4.267344965866471,
      3.3726938800604236
    ],
    "val_mean": [
      452.70781392297994,
      365.2758212788479,
      276.81839124679567,
      255.52842409161295,
      243.44852346894922,
      223.83977312634914,
      210.05247141478898,
      223.61638794175627,
      183.81998534932464,
      194.91817552327652
    ],
    "val_std": [
      20.013953845932548,
      20.490421121358274,
      14.108584913951312,
      7.23561671010168,
      11.199230391364035,
      14.700678665377252,
      14.450175829152412,
      28.82920785778362,
      28.65146851041528,
      19.076545362993485
    ]
  },
  "kernel_ridge_linear": {
    "train_sizes": [
      79,
      159,
      239,
      319,
      399,
      479,
      559,
      639,
      719,
      799
    ],
    "train_mean": [
      1551.1960425726309,
      1551.2066667562826,
      1551.4080382715424,
      1551.5746142210326,
      1551.5537623875273,
      1551.525123100393,
      1551.5144897305422,
      1551.4513554930925,
      1551.317306635678,
      1551.2504227063657
    ],
    "train_std": [
      0.14220767667460704,
      0.07253482492707647,
      0.059682758009932634,
      0.06344948206550552,
      0.05380756186427,
      0.028064010145810604,
      0.03331831864896917,
      0.03247710957913855,
      0.026980206722497638,
      0.02377150701776548
    ],
    "val_mean": [
      720193.0198416742,
      451872.00361670007,
      77864.3200351782,
      181582.78599262278,
      49772.19431110429,
      66179.04204199203,
      39944.6465919202,
      1551.4512839980011,
      1551.3172427015152,
      1551.2505998493416
    ],
    "val_std": [
      850819.0999750664,
      545869.9906384259,
      110863.59557346722,
      244009.10018732667,
      67590.174679741,
      129255.03040788295,
      76786.27202062376,
      0.031399931648004205,
      0.025584791597227683,
      0.02259183529960561
    ]
  },