model,train_r2,test_r2,train_rmse,test_rmse,cv_mean,cv_std
linear,0.8189308177132454,0.791482520928183,1.227553158598372,1.292173555510382,0.7977791153727282,0.022677476078571974
ridge,0.8188213919624253,0.7917757842756965,1.2279240268934317,1.2912645658234712,0.797650913114963,0.022597587110184378
lasso,0.8187758508203716,0.7929248128914106,1.2280783429837827,1.2876968913170517,0.7982028731312342,0.023537276990402808
elastic_net,0.8186627852839949,0.7929927209358624,1.2284613815753145,1.287485730942675,0.7977937748019375,0.023426213406334558
